urn	hgvs_lines	peak_rss_gb
urn:mavedb:00000001-a-1	3160	0.215
urn:mavedb:00000001-b-1	2020	0.139
urn:mavedb:00000001-c-2	2980	0.158
urn:mavedb:00000001-d-2	3807	0.356
urn:mavedb:00000002-a-2	548	0.168
urn:mavedb:00000003-a-2	5042	45.200
urn:mavedb:00000003-b-2	5042	45.200
urn:mavedb:00000005-a-1	11263	130.600
urn:mavedb:00000005-a-2	11243	130.400
urn:mavedb:00000005-a-3	11550	135.300
urn:mavedb:00000005-a-4	11550	135.300
urn:mavedb:00000013-a-1	4408	10.300
urn:mavedb:00000013-b-1	4027	18.000
urn:mavedb:00000035-a-1	18448	1.200
urn:mavedb:00000035-a-2	18448	1.200
urn:mavedb:00000035-a-3	18448	1.300
urn:mavedb:00000036-a-1	6384	24.800
urn:mavedb:00000036-a-2	6382	24.800
urn:mavedb:00000041-a-1	3506	14.600
urn:mavedb:00000041-b-1	360	1.600
urn:mavedb:00000045-a-1	2800	0.225
urn:mavedb:00000045-b-1	2800	0.224
urn:mavedb:00000045-c-1	2800	0.225
urn:mavedb:00000045-d-1	2800	0.225
urn:mavedb:00000045-e-1	2800	0.225
urn:mavedb:00000045-f-1	2800	0.225
urn:mavedb:00000045-g-1	2800	0.225
urn:mavedb:00000045-h-1	2800	0.225
urn:mavedb:00000045-i-1	2800	0.225
urn:mavedb:00000045-j-1	2800	0.225
urn:mavedb:00000045-k-1	2800	0.225
urn:mavedb:00000045-l-1	2800	0.224
urn:mavedb:00000046-a-1	538	0.117
urn:mavedb:00000046-a-2	492	0.117
urn:mavedb:00000046-a-3	515	0.117
urn:mavedb:00000047-a-1	7000	0.142
urn:mavedb:00000047-b-1	7000	0.142
urn:mavedb:00000047-c-1	7000	0.142
urn:mavedb:00000048-a-1	7001	3.300
urn:mavedb:00000048-b-1	7001	3.300
urn:mavedb:00000048-c-1	7001	3.300
urn:mavedb:00000049-a-1	13684	48.900
urn:mavedb:00000049-a-2	13669	48.900
urn:mavedb:00000049-a-3	13669	48.900
urn:mavedb:00000049-a-4	13684	48.900
urn:mavedb:00000049-a-5	13669	48.900
urn:mavedb:00000049-a-6	13684	48.900
urn:mavedb:00000049-a-7	12538	44.800
urn:mavedb:00000049-a-8	12141	43.400
urn:mavedb:00000050-a-1	17746	83.900
urn:mavedb:00000051-a-1	536	0.121
urn:mavedb:00000051-b-1	480	0.525
urn:mavedb:00000051-c-1	300	1.000
urn:mavedb:00000053-a-2	1235	0.127
urn:mavedb:00000055-0-1	3014	0.134
urn:mavedb:00000055-a-1	3099	0.134
urn:mavedb:00000055-b-1	3099	0.134
urn:mavedb:00000057-a-1	3285	29.200
urn:mavedb:00000057-b-1	3285	29.200
urn:mavedb:00000057-c-1	3285	29.200
urn:mavedb:00000057-d-1	3285	29.200
urn:mavedb:00000058-a-1	826	0.136
urn:mavedb:00000059-a-1	3828	22.600
urn:mavedb:00000060-a-1	704	2.600
urn:mavedb:00000060-a-2	714	2.600
urn:mavedb:00000061-a-1	297	3.600
urn:mavedb:00000061-b-1	297	3.600
urn:mavedb:00000061-c-1	297	3.600
urn:mavedb:00000061-d-1	297	3.600
urn:mavedb:00000061-e-1	297	3.600
urn:mavedb:00000061-f-1	297	3.600
urn:mavedb:00000061-g-1	297	3.600
urn:mavedb:00000061-h-1	297	3.600
urn:mavedb:00000061-i-1	297	3.600
urn:mavedb:00000065-a-1	3341	0.189
urn:mavedb:00000066-a-1	5008	0.160
urn:mavedb:00000067-a-1	4235	0.928
urn:mavedb:00000068-0-1	8236	50.500
urn:mavedb:00000068-a-1	8252	50.500
urn:mavedb:00000068-b-1	8252	50.500
urn:mavedb:00000068-c-1	8252	50.500
urn:mavedb:00000069-a-1	2340	0.246
urn:mavedb:00000069-a-2	2340	0.245
urn:mavedb:00000078-a-1	746	1.300
urn:mavedb:00000078-b-1	2910	4.900
urn:mavedb:00000081-a-1	1059	9.100
urn:mavedb:00000081-a-2	2820	25.300
urn:mavedb:00000091-a-1	73	0.354
urn:mavedb:00000094-a-1	1	0.122
urn:mavedb:00000094-a-10	76	0.207
urn:mavedb:00000094-a-11	76	0.208
urn:mavedb:00000094-a-12	29	0.193
urn:mavedb:00000094-a-13	29	0.194
urn:mavedb:00000094-a-14	62	0.199
urn:mavedb:00000094-a-15	62	0.201
urn:mavedb:00000094-a-2	4085	7.300
urn:mavedb:00000094-a-3	3319	6.200
urn:mavedb:00000094-a-4	915	1.400
urn:mavedb:00000094-a-5	915	1.400
urn:mavedb:00000094-a-6	153	0.297
urn:mavedb:00000094-a-7	153	0.297
urn:mavedb:00000094-a-8	43	0.202
urn:mavedb:00000094-a-9	43	0.201
urn:mavedb:00000095-a-1	6523	23.500
urn:mavedb:00000095-b-1	6820	24.600
urn:mavedb:00000096-a-1	9362	58.000
urn:mavedb:00000096-b-1	9201	56.400
urn:mavedb:00000097-a-1	192	1.700
urn:mavedb:00000097-b-1	192	1.700
urn:mavedb:00000097-c-1	131	1.200
urn:mavedb:00000097-d-1	131	1.200
urn:mavedb:00000097-e-1	186	1.700
urn:mavedb:00000097-f-1	186	1.700
urn:mavedb:00000097-g-1	201	1.800
urn:mavedb:00000097-h-1	201	1.800
urn:mavedb:00000097-i-1	217	1.900
urn:mavedb:00000097-j-1	217	1.900
urn:mavedb:00000097-k-1	200	1.700
urn:mavedb:00000097-l-1	200	1.700
urn:mavedb:00000097-m-1	177	1.500
urn:mavedb:00000097-n-1	177	1.500
urn:mavedb:00000097-o-1	94	0.835
urn:mavedb:00000097-p-1	94	0.835
urn:mavedb:00000097-q-1	200	1.600
urn:mavedb:00000097-r-1	200	1.600
urn:mavedb:00000097-s-1	125	1.100
urn:mavedb:00000097-t-1	125	1.100
urn:mavedb:00000097-u-1	165	1.600
urn:mavedb:00000097-v-1	165	1.600
urn:mavedb:00000097-w-1	142	1.400
urn:mavedb:00000097-x-1	142	1.400
urn:mavedb:00000097-y-1	222	2.200
urn:mavedb:00000097-z-1	222	2.200
urn:mavedb:00000098-a-1	248	1.000
urn:mavedb:00000098-a-2	252	1.000
urn:mavedb:00000101-a-1	4514	10.700
urn:mavedb:00000102-0-1	5477	13.000
urn:mavedb:00000103-a-1	6810	12.900
urn:mavedb:00000103-b-1	6810	12.900
urn:mavedb:00000103-c-1	6810	12.900
urn:mavedb:00000103-d-1	6810	12.900
urn:mavedb:00000106-a-1	231	0.410
urn:mavedb:00000106-b-1	231	0.410
urn:mavedb:00000106-c-1	231	0.411
urn:mavedb:00000108-0-1	6590	75.200
urn:mavedb:00000108-a-1	6044	68.900
urn:mavedb:00000108-a-3	6590	75.200
urn:mavedb:00000108-b-1	6486	74.200
urn:mavedb:00000109-a-1	24	0.292
urn:mavedb:00000113-a-1	37	0.125
urn:mavedb:00000113-a-2	763	1.100
urn:mavedb:00000113-a-3	751	0.135
urn:mavedb:00000114-a-1	9219	0.592
urn:mavedb:00000115-a-1	3553	8.600
urn:mavedb:00000115-a-10	1054	2.600
urn:mavedb:00000115-a-11	1205	3.100
urn:mavedb:00000115-a-12	1259	3.300
urn:mavedb:00000115-a-13	882	2.200
urn:mavedb:00000115-a-14	1073	2.700
urn:mavedb:00000115-a-15	1258	3.300
urn:mavedb:00000115-a-16	940	2.300
urn:mavedb:00000115-a-17	1128	2.900
urn:mavedb:00000115-a-18	1251	3.300
urn:mavedb:00000115-a-19	886	2.200
urn:mavedb:00000115-a-2	3553	8.700
urn:mavedb:00000115-a-20	1061	2.700
urn:mavedb:00000115-a-21	1257	3.300
urn:mavedb:00000115-a-22	1258	3.300
urn:mavedb:00000115-a-23	1258	3.300
urn:mavedb:00000115-a-24	1118	2.700
urn:mavedb:00000115-a-25	1170	3.000
urn:mavedb:00000115-a-26	1258	3.300
urn:mavedb:00000115-a-27	1230	3.100
urn:mavedb:00000115-a-28	1072	2.600
urn:mavedb:00000115-a-3	3553	8.600
urn:mavedb:00000115-a-4	3553	8.600
urn:mavedb:00000115-a-5	3553	8.700
urn:mavedb:00000115-a-6	3553	8.600
urn:mavedb:00000115-a-7	3553	8.700
urn:mavedb:00000115-a-8	1104	2.700
urn:mavedb:00000115-a-9	1228	3.100
urn:mavedb:00000657-a-1	6152	0.574
urn:mavedb:00000657-b-1	6156	0.574
urn:mavedb:00000659-a-1	6327	7.900
urn:mavedb:00000664-a-1	301	0.254
urn:mavedb:00000664-a-2	118	0.211
urn:mavedb:00000664-a-3	301	0.255
urn:mavedb:00000664-a-4	301	0.255
urn:mavedb:00000664-a-5	245	0.239
urn:mavedb:00000664-a-6	301	0.255
urn:mavedb:00000665-b-1	2910	21.200
urn:mavedb:00000665-c-1	2922	21.300
urn:mavedb:00000665-d-1	2907	21.200
urn:mavedb:00000674-a-1	2539	4.600
urn:mavedb:00000674-a-2	2554	4.600
urn:mavedb:00000674-b-1	2539	4.600
urn:mavedb:00000674-c-1	2544	4.600
urn:mavedb:00000676-a-1	1140	1.400
urn:mavedb:00000677-a-1	1160	0.123
urn:mavedb:00000678-a-1	1140	0.124
urn:mavedb:00000679-a-1	1220	0.129
urn:mavedb:00000680-a-1	1300	7.400
urn:mavedb:00000681-a-1	1260	7.600
urn:mavedb:00000682-a-1	820	0.123
urn:mavedb:00000683-a-1	1140	0.190
urn:mavedb:00000684-a-1	1120	0.118
urn:mavedb:00000685-a-1	1120	2.500
urn:mavedb:00000686-a-1	1120	1.800
urn:mavedb:00000687-a-1	1600	0.126
urn:mavedb:00000688-a-1	1600	47.700
urn:mavedb:00000689-a-1	1560	0.134
urn:mavedb:00000690-a-1	1240	0.183
urn:mavedb:00000691-a-1	1260	0.164
urn:mavedb:00000692-a-1	1380	0.133
urn:mavedb:00000693-a-1	1000	0.127
urn:mavedb:00000694-a-1	1600	0.124
urn:mavedb:00000695-a-1	860	0.119
urn:mavedb:00000696-a-1	1120	0.113
urn:mavedb:00000697-a-1	1520	1.400
urn:mavedb:00000698-a-1	820	0.120
urn:mavedb:00000699-a-1	380	0.120
urn:mavedb:00000700-a-1	1240	0.120
urn:mavedb:00000701-a-1	1220	2.300
urn:mavedb:00000702-a-1	700	0.126
urn:mavedb:00000703-a-1	980	0.893
urn:mavedb:00000704-a-1	1380	1.800
urn:mavedb:00000705-a-1	1120	0.123
urn:mavedb:00000706-a-1	1180	0.936
urn:mavedb:00000707-a-1	1140	0.126
urn:mavedb:00000708-a-1	1520	5.500
urn:mavedb:00000709-a-1	1340	0.125
urn:mavedb:00000710-a-1	1180	6.000
urn:mavedb:00000711-a-1	1300	1.300
urn:mavedb:00000712-a-1	1380	1.800
urn:mavedb:00000713-a-1	1520	2.200
urn:mavedb:00000714-a-1	540	0.129
urn:mavedb:00000715-a-1	1640	0.135
urn:mavedb:00000716-a-1	920	1.100
urn:mavedb:00000717-a-1	980	0.135
urn:mavedb:00000718-a-1	1000	0.134
urn:mavedb:00000719-a-1	1060	0.125
urn:mavedb:00000720-a-1	1220	0.124
urn:mavedb:00000721-a-1	1220	0.175
urn:mavedb:00000722-a-1	1180	0.163
urn:mavedb:00000723-a-1	1060	0.125
urn:mavedb:00000725-a-1	1060	0.142
urn:mavedb:00000726-a-1	1060	0.146
urn:mavedb:00000727-a-1	1380	0.124
urn:mavedb:00000728-a-1	1060	0.125
urn:mavedb:00000729-a-1	1060	0.125
urn:mavedb:00000730-a-1	840	2.300
urn:mavedb:00000731-a-1	1480	7.000
urn:mavedb:00000733-a-1	1580	0.131
urn:mavedb:00000734-a-1	1260	0.207
urn:mavedb:00000735-a-1	1260	0.122
urn:mavedb:00000736-a-1	1120	0.122
urn:mavedb:00000737-a-1	1780	0.139
urn:mavedb:00000738-a-1	1660	0.125
urn:mavedb:00000739-a-1	1740	6.300
urn:mavedb:00000741-a-1	1560	0.124
urn:mavedb:00000742-a-1	1780	0.119
urn:mavedb:00000743-a-1	1740	0.121
urn:mavedb:00000744-a-1	1680	0.120
urn:mavedb:00000745-a-1	1600	0.709
urn:mavedb:00000746-a-1	1520	0.680
urn:mavedb:00000747-a-1	1620	0.793
urn:mavedb:00000748-a-1	1620	0.119
urn:mavedb:00000749-a-1	1420	0.229
urn:mavedb:00000750-a-1	1380	0.229
urn:mavedb:00000751-a-1	1440	0.221
urn:mavedb:00000756-a-1	1460	0.129
urn:mavedb:00000757-a-1	840	0.122
urn:mavedb:00000758-a-1	1360	6.100
urn:mavedb:00000759-a-1	1640	7.300
urn:mavedb:00000760-a-1	1120	5.100
urn:mavedb:00000761-a-1	1380	0.123
urn:mavedb:00000762-a-1	1780	0.125
urn:mavedb:00000763-a-1	880	0.820
urn:mavedb:00000764-a-1	1180	0.137
urn:mavedb:00000765-a-1	1180	0.137
urn:mavedb:00000766-a-1	1700	0.116
urn:mavedb:00000767-a-1	1820	0.165
urn:mavedb:00000768-a-1	1760	0.130
urn:mavedb:00000770-a-1	1800	0.146
urn:mavedb:00000771-a-1	1120	0.668
urn:mavedb:00000772-a-1	800	0.135
urn:mavedb:00000773-a-1	1260	0.126
urn:mavedb:00000774-a-1	1240	0.130
urn:mavedb:00000775-a-1	1240	0.122
urn:mavedb:00000776-a-1	1280	0.127
urn:mavedb:00000777-a-1	1020	0.124
urn:mavedb:00000778-a-1	500	2.800
urn:mavedb:00000779-a-1	1060	0.127
urn:mavedb:00000780-a-1	1240	5.600
urn:mavedb:00000781-a-1	1340	0.136
urn:mavedb:00000782-a-1	1260	0.120
urn:mavedb:00000783-a-1	1180	0.122
urn:mavedb:00000784-a-1	1220	0.119
urn:mavedb:00000785-a-1	1180	0.119
urn:mavedb:00000786-a-1	1100	0.120
urn:mavedb:00000787-a-1	1200	23.000
urn:mavedb:00000788-a-1	1560	0.153
urn:mavedb:00000789-a-1	1860	0.154
urn:mavedb:00000790-a-1	1600	14.900
urn:mavedb:00000791-a-1	1640	0.133
urn:mavedb:00000793-a-1	1540	0.140
urn:mavedb:00000794-a-1	1680	5.000
urn:mavedb:00000795-a-1	1040	0.125
urn:mavedb:00000796-a-1	1180	0.143
urn:mavedb:00000797-a-1	1160	0.142
urn:mavedb:00000798-a-1	1800	0.145
urn:mavedb:00000799-a-1	1620	0.131
urn:mavedb:00000800-a-1	1000	1.500
urn:mavedb:00000801-a-1	1540	0.158
urn:mavedb:00000802-a-1	1620	0.122
urn:mavedb:00000803-a-1	1720	0.915
urn:mavedb:00000804-a-1	1340	22.000
urn:mavedb:00000805-a-1	920	4.300
urn:mavedb:00000806-a-1	800	0.127
urn:mavedb:00000807-a-1	1240	0.134
urn:mavedb:00000808-a-1	440	0.122
urn:mavedb:00000809-a-1	1200	4.900
urn:mavedb:00000810-a-1	1120	4.200
urn:mavedb:00000811-a-1	1200	9.200
urn:mavedb:00000812-a-1	1640	5.200
urn:mavedb:00000813-a-1	1800	0.129
urn:mavedb:00000814-a-1	1560	0.130
urn:mavedb:00000815-a-1	1800	0.131
urn:mavedb:00000816-a-1	1320	11.400
urn:mavedb:00000817-a-1	1240	0.549
urn:mavedb:00000818-a-1	880	0.493
urn:mavedb:00000819-a-1	1600	0.167
urn:mavedb:00000820-a-1	1480	8.700
urn:mavedb:00000821-a-1	1440	8.400
urn:mavedb:00000822-a-1	1520	0.139
urn:mavedb:00000823-a-1	1220	0.152
urn:mavedb:00000824-a-1	1580	0.148
urn:mavedb:00000825-a-1	1360	0.142
urn:mavedb:00000826-a-1	820	0.932
urn:mavedb:00000827-a-1	440	0.542
urn:mavedb:00000828-a-1	460	0.441
urn:mavedb:00000829-a-1	440	0.424
urn:mavedb:00000830-a-1	500	0.129
urn:mavedb:00000831-a-1	500	0.119
urn:mavedb:00000832-a-1	500	0.121
urn:mavedb:00000833-a-1	480	0.122
urn:mavedb:00000834-a-1	460	0.148
urn:mavedb:00000835-a-1	1120	0.128
urn:mavedb:00000836-a-1	1820	0.126
urn:mavedb:00000837-a-1	1260	0.117
urn:mavedb:00000838-a-1	1120	0.116
urn:mavedb:00000839-a-1	1120	1.200
urn:mavedb:00000840-a-1	1280	0.122
urn:mavedb:00000841-a-1	1380	0.121
urn:mavedb:00000842-a-1	760	0.133
urn:mavedb:00000843-a-1	1160	0.495
urn:mavedb:00000844-a-1	1360	0.143
urn:mavedb:00000845-a-1	900	0.124
urn:mavedb:00000846-a-1	1520	0.166
urn:mavedb:00000847-a-1	1120	0.118
urn:mavedb:00000848-a-1	1340	0.127
urn:mavedb:00000849-a-1	1480	0.194
urn:mavedb:00000850-a-1	840	0.123
urn:mavedb:00000851-a-1	800	0.129
urn:mavedb:00000852-a-1	820	0.130
urn:mavedb:00000853-a-1	1060	0.119
urn:mavedb:00000854-a-1	820	0.119
urn:mavedb:00000855-a-1	1180	0.133
urn:mavedb:00000856-a-1	1000	5.700
urn:mavedb:00000857-a-1	1080	6.100
urn:mavedb:00000858-a-1	1180	1.700
urn:mavedb:00000859-a-1	1140	0.128
urn:mavedb:00000860-a-1	1260	0.129
urn:mavedb:00000861-a-1	1140	0.128
urn:mavedb:00000862-a-1	1160	0.130
urn:mavedb:00000863-a-1	1100	1.400
urn:mavedb:00000864-a-1	1280	0.139
urn:mavedb:00000865-a-1	1240	0.123
urn:mavedb:00000866-a-1	1580	0.164
urn:mavedb:00000867-a-1	1040	0.129
urn:mavedb:00000868-a-1	1340	0.127
urn:mavedb:00000869-a-1	1100	0.127
urn:mavedb:00000870-a-1	1460	0.128
urn:mavedb:00000871-a-1	1220	0.170
urn:mavedb:00000872-a-1	480	0.124
urn:mavedb:00000873-a-1	940	3.100
urn:mavedb:00000874-a-1	880	0.181
urn:mavedb:00000875-a-1	1160	4.600
urn:mavedb:00000876-a-1	840	0.127
urn:mavedb:00000877-a-1	1680	0.123
urn:mavedb:00000878-a-1	1660	21.000
urn:mavedb:00000879-a-1	1180	0.138
urn:mavedb:00000880-a-1	1460	5.400
urn:mavedb:00000881-a-1	1380	0.118
urn:mavedb:00000882-a-1	920	0.130
urn:mavedb:00000883-a-1	1000	0.128
urn:mavedb:00000884-a-1	1760	0.131
urn:mavedb:00000885-a-1	1680	0.188
urn:mavedb:00000886-a-1	1640	0.136
urn:mavedb:00000887-a-1	900	0.191
urn:mavedb:00000888-a-1	860	0.120
urn:mavedb:00000889-a-1	700	0.123
urn:mavedb:00000890-a-1	1900	0.352
urn:mavedb:00000891-a-1	1680	0.132
urn:mavedb:00000892-a-1	900	0.129
urn:mavedb:00000893-a-1	580	0.127
urn:mavedb:00000894-a-1	620	0.124
urn:mavedb:00000895-a-1	1440	3.500
urn:mavedb:00000896-a-1	1340	0.118
urn:mavedb:00000897-a-1	1360	0.127
urn:mavedb:00000898-a-1	1300	2.100
urn:mavedb:00000899-a-1	860	0.120
urn:mavedb:00000900-a-1	900	0.111
urn:mavedb:00000901-a-1	980	0.125
urn:mavedb:00000902-a-1	440	0.126
urn:mavedb:00000903-a-1	380	0.129
urn:mavedb:00000904-a-1	1700	0.142
urn:mavedb:00000905-a-1	1840	0.141
urn:mavedb:00000906-a-1	1920	0.139
urn:mavedb:00000907-a-1	1760	0.140
urn:mavedb:00000908-a-1	1780	1.300
urn:mavedb:00000909-a-1	860	0.789
urn:mavedb:00000910-a-1	1120	0.509
urn:mavedb:00000911-a-1	1120	0.119
urn:mavedb:00000912-a-1	1060	0.135
urn:mavedb:00000913-a-1	1040	0.121
urn:mavedb:00000914-a-1	1020	0.187
urn:mavedb:00000915-a-1	940	0.133
urn:mavedb:00000916-a-1	1240	0.138
urn:mavedb:00000917-a-1	1160	0.129
urn:mavedb:00000918-a-1	880	0.146
urn:mavedb:00000919-a-1	860	3.000
urn:mavedb:00000922-a-1	1060	0.118
urn:mavedb:00000925-a-1	1320	12.700
urn:mavedb:00000926-a-1	1500	6.400
urn:mavedb:00000927-a-1	1180	5.000
urn:mavedb:00000928-a-1	1200	5.100
urn:mavedb:00000929-a-1	1160	0.132
urn:mavedb:00000930-a-1	1220	1.400
urn:mavedb:00000931-a-1	1020	0.255
urn:mavedb:00000932-a-1	980	0.136
urn:mavedb:00000933-a-1	880	0.134
urn:mavedb:00000934-a-1	920	0.199
urn:mavedb:00000935-a-1	600	0.408
urn:mavedb:00000936-a-1	1200	0.125
urn:mavedb:00000937-a-1	1380	0.128
urn:mavedb:00000938-a-1	1540	0.128
urn:mavedb:00000939-a-1	1520	0.130
urn:mavedb:00000940-a-1	1520	0.186
urn:mavedb:00000941-a-1	1540	0.130
urn:mavedb:00000942-a-1	1120	1.900
urn:mavedb:00000943-a-1	460	0.117
urn:mavedb:00000944-a-1	1160	0.118
urn:mavedb:00000945-a-1	1180	0.707
urn:mavedb:00000946-a-1	1180	0.152
urn:mavedb:00000947-a-1	1780	0.128
urn:mavedb:00000948-a-1	1860	0.200
urn:mavedb:00000949-a-1	1100	9.400
urn:mavedb:00000950-a-1	1120	0.146
urn:mavedb:00000951-a-1	1240	1.600
urn:mavedb:00000952-a-1	1460	0.132
urn:mavedb:00000953-a-1	1140	0.151
urn:mavedb:00000955-a-1	940	0.129
urn:mavedb:00000956-a-1	1120	0.130
urn:mavedb:00000957-a-1	1800	0.147
urn:mavedb:00000958-a-1	1900	0.164
urn:mavedb:00000959-a-1	1120	0.124
urn:mavedb:00000960-a-1	800	1.900
urn:mavedb:00000961-a-1	1220	0.137
urn:mavedb:00000962-a-1	1120	8.400
urn:mavedb:00000963-a-1	1320	10.000
urn:mavedb:00000966-a-1	1380	0.120
urn:mavedb:00000967-a-1	1400	0.124
urn:mavedb:00000968-a-1	1400	0.129
urn:mavedb:00000969-a-1	1500	0.123
urn:mavedb:00000970-a-1	1560	0.119
urn:mavedb:00000971-a-1	1120	0.117
urn:mavedb:00000972-a-1	1540	0.119
urn:mavedb:00000973-a-1	1120	0.123
urn:mavedb:00000974-a-1	1380	0.124
urn:mavedb:00000975-a-1	1120	0.113
urn:mavedb:00000976-a-1	1640	0.125
urn:mavedb:00000977-a-1	1440	0.119
urn:mavedb:00000978-a-1	1440	0.443
urn:mavedb:00000979-a-1	1580	8.400
urn:mavedb:00000980-a-1	1800	0.124
urn:mavedb:00000981-a-1	1100	0.121
urn:mavedb:00000982-a-1	1500	0.145
urn:mavedb:00000983-a-1	1260	0.131
urn:mavedb:00000984-a-1	440	0.279
urn:mavedb:00000985-a-1	440	0.122
urn:mavedb:00000986-a-1	460	0.119
urn:mavedb:00000987-a-1	420	0.118
urn:mavedb:00000988-a-1	1100	7.400
urn:mavedb:00000989-a-1	1120	1.200
urn:mavedb:00000990-a-1	1360	0.134
urn:mavedb:00000991-a-1	1080	1.600
urn:mavedb:00000992-a-1	1000	1.200
urn:mavedb:00000993-a-1	1200	0.406
urn:mavedb:00000994-a-1	1100	0.352
urn:mavedb:00000995-a-1	1020	1.400
urn:mavedb:00000996-a-1	1180	7.500
urn:mavedb:00000997-a-1	1120	0.120
urn:mavedb:00000998-a-1	1120	1.100
urn:mavedb:00000999-a-1	1620	0.122
urn:mavedb:00001000-a-1	900	0.121
urn:mavedb:00001001-a-1	900	0.121
urn:mavedb:00001002-a-1	1420	18.100
urn:mavedb:00001003-a-1	1540	2.400
urn:mavedb:00001004-a-1	600	0.124
urn:mavedb:00001005-a-1	620	0.124
urn:mavedb:00001007-a-1	1220	0.129
urn:mavedb:00001008-a-1	560	0.125
urn:mavedb:00001009-a-1	1100	0.197
urn:mavedb:00001010-a-1	860	5.500
urn:mavedb:00001011-a-1	560	0.140
urn:mavedb:00001012-a-1	520	0.140
urn:mavedb:00001013-a-1	1280	0.121
urn:mavedb:00001014-a-1	960	0.753
urn:mavedb:00001015-a-1	840	0.126
urn:mavedb:00001016-a-1	1500	0.128
urn:mavedb:00001017-a-1	1620	0.126
urn:mavedb:00001018-a-1	500	0.110
urn:mavedb:00001019-a-1	600	0.133
urn:mavedb:00001020-a-1	380	0.123
urn:mavedb:00001021-a-1	1120	0.120
urn:mavedb:00001022-a-1	1100	0.134
urn:mavedb:00001024-a-1	1280	0.124
urn:mavedb:00001026-a-1	1200	7.900
urn:mavedb:00001027-a-1	1540	0.126
urn:mavedb:00001029-a-1	880	0.127
urn:mavedb:00001030-a-1	1100	0.146
urn:mavedb:00001031-a-1	440	0.479
urn:mavedb:00001032-a-1	440	0.399
urn:mavedb:00001033-a-1	440	0.403
urn:mavedb:00001034-a-1	440	0.412
urn:mavedb:00001035-a-1	1460	0.123
urn:mavedb:00001036-a-1	900	0.139
urn:mavedb:00001037-a-1	1420	1.400
urn:mavedb:00001038-a-1	1480	0.141
urn:mavedb:00001039-a-1	1500	0.141
urn:mavedb:00001040-a-1	1400	0.297
urn:mavedb:00001041-a-1	1540	0.134
urn:mavedb:00001042-a-1	1500	0.133
urn:mavedb:00001043-a-1	1940	8.700
urn:mavedb:00001044-a-1	980	5.100
urn:mavedb:00001045-a-1	1120	7.600
urn:mavedb:00001046-a-1	1180	0.122
urn:mavedb:00001047-a-1	1100	0.122
urn:mavedb:00001048-a-1	1120	0.946
urn:mavedb:00001049-a-1	1720	0.146
urn:mavedb:00001050-a-1	1000	0.117
urn:mavedb:00001051-a-1	1000	0.122
urn:mavedb:00001052-a-1	1020	0.121
urn:mavedb:00001053-a-1	1020	0.115
urn:mavedb:00001054-a-1	1000	0.140
urn:mavedb:00001055-a-1	860	19.900
urn:mavedb:00001056-a-1	1360	6.300
urn:mavedb:00001057-a-1	880	0.140
urn:mavedb:00001058-a-1	860	0.146
urn:mavedb:00001059-a-1	1340	0.145
urn:mavedb:00001060-a-1	980	0.123
urn:mavedb:00001062-a-1	1860	9.500
urn:mavedb:00001063-a-1	1360	0.121
urn:mavedb:00001064-a-1	1360	0.119
urn:mavedb:00001065-a-1	1340	0.124
urn:mavedb:00001066-a-1	1360	8.500
urn:mavedb:00001067-a-1	1340	0.119
urn:mavedb:00001068-a-1	1360	0.116
urn:mavedb:00001069-a-1	1360	0.118
urn:mavedb:00001070-a-1	1360	1.100
urn:mavedb:00001071-a-1	1360	1.900
urn:mavedb:00001072-a-1	1360	0.131
urn:mavedb:00001073-a-1	480	0.783
urn:mavedb:00001074-a-1	1160	1.200
urn:mavedb:00001075-a-1	1460	0.144
urn:mavedb:00001077-a-1	1040	0.231
urn:mavedb:00001078-a-1	1040	0.387
urn:mavedb:00001079-a-1	1140	4.800
urn:mavedb:00001080-a-1	1160	0.120
urn:mavedb:00001081-a-1	1160	0.120
urn:mavedb:00001082-a-1	1360	0.113
urn:mavedb:00001083-a-1	1340	0.133
urn:mavedb:00001084-a-1	1560	0.121
urn:mavedb:00001085-a-1	1560	0.121
urn:mavedb:00001086-a-1	920	0.192
urn:mavedb:00001087-a-1	1480	0.147
urn:mavedb:00001088-a-1	780	0.112
urn:mavedb:00001089-a-1	1320	3.200
urn:mavedb:00001090-a-1	1440	5.600
urn:mavedb:00001091-a-1	520	0.135
urn:mavedb:00001092-a-1	960	0.120
urn:mavedb:00001093-a-1	1380	0.135
urn:mavedb:00001094-a-1	1240	0.160
urn:mavedb:00001095-a-1	1000	0.130
urn:mavedb:00001096-a-1	1120	0.130
urn:mavedb:00001097-a-1	1180	0.131
urn:mavedb:00001098-a-1	1140	0.145
urn:mavedb:00001099-a-1	1160	0.125
urn:mavedb:00001100-a-1	1080	0.121
urn:mavedb:00001101-a-1	720	0.116
urn:mavedb:00001102-a-1	1740	0.171
urn:mavedb:00001104-a-1	1680	0.133
urn:mavedb:00001105-a-1	1900	9.800
urn:mavedb:00001106-a-1	1920	10.000
urn:mavedb:00001107-a-1	1660	0.124
urn:mavedb:00001108-a-1	460	3.300
urn:mavedb:00001109-a-1	800	4.800
urn:mavedb:00001110-a-1	860	5.100
urn:mavedb:00001111-a-1	1360	0.121
urn:mavedb:00001112-a-1	1320	3.100
urn:mavedb:00001113-a-1	1260	0.129
urn:mavedb:00001114-a-1	880	6.800
urn:mavedb:00001115-a-1	1040	0.135
urn:mavedb:00001116-a-1	900	0.122
urn:mavedb:00001117-a-1	880	0.123
urn:mavedb:00001118-a-1	900	0.121
urn:mavedb:00001119-a-1	940	0.115
urn:mavedb:00001120-a-1	840	0.122
urn:mavedb:00001121-a-1	860	0.348
urn:mavedb:00001122-a-1	560	0.120
urn:mavedb:00001123-a-1	820	0.127
urn:mavedb:00001124-a-1	860	0.123
urn:mavedb:00001125-a-1	1140	17.300
urn:mavedb:00001126-a-1	1420	0.134
urn:mavedb:00001127-a-1	860	0.118
urn:mavedb:00001128-a-1	1240	0.173
urn:mavedb:00001129-a-1	1480	0.125
urn:mavedb:00001130-a-1	1480	0.128
urn:mavedb:00001131-a-1	1780	0.135
urn:mavedb:00001132-a-1	1340	0.126
urn:mavedb:00001133-a-1	1220	0.124
urn:mavedb:00001134-a-1	1120	0.120
urn:mavedb:00001135-a-1	1620	14.900
urn:mavedb:00001137-a-1	700	0.126
urn:mavedb:00001139-a-1	720	0.123
urn:mavedb:00001140-a-1	1760	9.000
urn:mavedb:00001141-a-1	660	0.120
urn:mavedb:00001142-a-1	960	0.144
urn:mavedb:00001143-a-1	1080	0.130
urn:mavedb:00001144-a-1	940	0.193
urn:mavedb:00001145-a-1	1040	0.146
urn:mavedb:00001146-a-1	940	0.162
urn:mavedb:00001147-a-1	920	0.189
urn:mavedb:00001148-a-1	1000	0.191
urn:mavedb:00001149-a-1	1820	0.132
urn:mavedb:00001150-a-1	1840	5.100
urn:mavedb:00001151-a-1	1720	0.154
urn:mavedb:00001152-a-1	480	0.119
urn:mavedb:00001153-a-1	440	0.221
urn:mavedb:00001154-a-1	440	0.221
urn:mavedb:00001155-a-1	440	0.221
urn:mavedb:00001156-a-1	440	2.500
urn:mavedb:00001157-a-1	440	2.500
urn:mavedb:00001158-a-1	440	0.126
urn:mavedb:00001159-a-1	420	0.118
urn:mavedb:00001160-a-1	420	0.123
urn:mavedb:00001161-a-1	440	0.277
urn:mavedb:00001162-a-1	380	0.116
urn:mavedb:00001163-a-1	1120	0.119
urn:mavedb:00001164-a-1	1120	0.139
urn:mavedb:00001165-a-1	1120	0.139
urn:mavedb:00001166-a-1	1120	0.138
urn:mavedb:00001167-a-1	1120	0.123
urn:mavedb:00001168-a-1	1120	0.123
urn:mavedb:00001169-a-1	1120	0.123
urn:mavedb:00001171-a-1	480	0.127
urn:mavedb:00001172-a-1	500	0.333
urn:mavedb:00001173-a-1	440	1.900
urn:mavedb:00001174-a-1	1240	1.600
urn:mavedb:00001175-a-1	1000	0.123
urn:mavedb:00001176-a-1	920	0.593
urn:mavedb:00001177-a-1	440	0.112
urn:mavedb:00001178-a-1	520	0.118
urn:mavedb:00001179-a-1	880	0.133
urn:mavedb:00001180-a-1	780	0.121
urn:mavedb:00001181-a-1	800	0.225
urn:mavedb:00001182-a-1	900	0.128
urn:mavedb:00001183-a-1	800	0.122
urn:mavedb:00001184-a-1	800	0.125
urn:mavedb:00001185-a-1	800	0.127
urn:mavedb:00001186-a-1	720	0.127
urn:mavedb:00001187-a-1	440	0.127
urn:mavedb:00001188-a-1	480	0.557
urn:mavedb:00001189-a-1	420	0.127
urn:mavedb:00001190-a-1	440	0.118
urn:mavedb:00001191-a-1	440	0.109
urn:mavedb:00001192-a-1	440	0.109
urn:mavedb:00001193-a-1	500	0.125
urn:mavedb:00001194-a-1	540	0.125
urn:mavedb:00001195-a-1	1340	3.700
urn:mavedb:00001196-a-1	1280	0.129
urn:mavedb:00001199-a-1	8148	15.000
urn:mavedb:00001200-0-1	9007	8.900
urn:mavedb:00001200-a-1	9682	0.138
urn:mavedb:00001200-b-1	9682	0.138
urn:mavedb:00001200-c-1	9682	0.138
urn:mavedb:00001200-d-1	9682	0.138
urn:mavedb:00001200-e-1	9682	0.137
urn:mavedb:00001205-a-1	8847	66.900
urn:mavedb:00001214-a-1	620	0.908
urn:mavedb:00001214-c-1	972	1.900
urn:mavedb:00001214-d-2	976	1.900
urn:mavedb:00001214-f-2	969	1.800
urn:mavedb:00001214-g-1	959	1.800
urn:mavedb:00001214-h-1	970	1.900
urn:mavedb:00001214-i-1	978	1.900
urn:mavedb:00001214-j-1	978	1.900
urn:mavedb:00001214-l-2	970	1.800
urn:mavedb:00001214-n-1	961	1.800
urn:mavedb:00001214-o-1	948	1.800
urn:mavedb:00001214-p-1	970	1.800
urn:mavedb:00001216-a-1	22806	52.000
urn:mavedb:00001217-a-1	2906	8.700
urn:mavedb:00001217-a-2	2850	8.500
urn:mavedb:00001217-a-3	2906	8.700
urn:mavedb:00001217-a-4	2910	8.700
urn:mavedb:00001218-a-1	5056	162.000
urn:mavedb:00001218-a-2	5056	162.000
urn:mavedb:00001219-a-1	723	0.211
urn:mavedb:00001219-a-2	723	0.211
urn:mavedb:00001219-a-3	723	0.213
urn:mavedb:00001219-a-4	723	0.211
urn:mavedb:00001221-a-1	756	2.500
urn:mavedb:00001221-a-2	756	2.500
urn:mavedb:00001222-a-1	1427	12.600
urn:mavedb:00001222-a-2	1427	12.600
urn:mavedb:00001222-b-1	2271	20.000
urn:mavedb:00001222-b-2	2271	20.000
urn:mavedb:00001227-a-1	5284	0.134
urn:mavedb:00001227-a-2	5284	0.134
urn:mavedb:00001229-a-1	220	0.703
urn:mavedb:00001229-a-2	231	0.733
urn:mavedb:00001230-a-1	76	0.245
urn:mavedb:00001230-a-2	76	0.241
urn:mavedb:00001231-a-1	22824	52.100
urn:mavedb:00001231-a-2	22824	52.100
urn:mavedb:00001233-a-1	49	0.264
urn:mavedb:00001234-0-1	2314	11.200
urn:mavedb:00001234-a-1	2314	11.200
urn:mavedb:00001234-b-1	2314	11.200
urn:mavedb:00001234-c-1	2314	11.200
urn:mavedb:00001234-d-1	2314	11.200
urn:mavedb:00001234-e-1	2314	11.200
urn:mavedb:00001234-f-1	2314	11.200
urn:mavedb:00001234-g-1	2314	11.200
urn:mavedb:00001234-h-1	2314	11.200
urn:mavedb:00001235-a-1	7873	47.000
urn:mavedb:00001236-0-1	7873	47.000
urn:mavedb:00001239-a-1	19100	0.438
urn:mavedb:00001239-a-2	19100	0.438
urn:mavedb:00001239-a-3	19100	0.438
urn:mavedb:00001239-a-4	19100	0.438
urn:mavedb:00001239-a-5	19100	0.438
urn:mavedb:00001239-a-6	19100	0.438
urn:mavedb:00001239-a-7	19100	0.437
urn:mavedb:00001243-a-1	1735	15.000
urn:mavedb:00001244-a-1	1119	2.700
urn:mavedb:00001244-b-1	1119	2.700
urn:mavedb:00001246-a-1	9072	44.200
urn:mavedb:00001249-a-1	2800	0.225
urn:mavedb:00001249-a-2	2800	0.225
urn:mavedb:00001249-a-3	2800	0.225
urn:mavedb:00001249-a-4	2800	0.225
urn:mavedb:00001253-a-1	358	0.119
urn:mavedb:00001253-a-2	699	0.121
urn:mavedb:00001253-a-3	25	0.117
urn:mavedb:00001253-a-4	48	0.098
urn:mavedb:00001253-a-5	684	0.921
urn:mavedb:00001255-a-1	10837	9.400
urn:mavedb:00001255-a-2	10837	9.400
urn:mavedb:00001258-a-1	7176	53.300
urn:mavedb:00001266-0-1	9503	57.800
urn:mavedb:00001266-a-1	10674	64.100
urn:mavedb:00001266-b-1	10674	0.118
urn:mavedb:00001266-c-1	9144	55.700
urn:mavedb:00001267-0-1	9253	145.900
urn:mavedb:00001267-a-1	3605	56.600
urn:mavedb:00001267-a-2	3948	63.600
urn:mavedb:00001267-b-1	5648	89.300
urn:mavedb:00001267-b-2	6016	97.500
urn:mavedb:00001269-a-1	17379	92.500
urn:mavedb:00001269-b-1	16787	89.600
urn:mavedb:00001269-c-1	7584	41.900
urn:mavedb:00001270-a-1	23723	232.400
urn:mavedb:00001270-a-10	23720	232.300
urn:mavedb:00001270-a-2	23723	232.400
urn:mavedb:00001270-a-3	23719	232.300
urn:mavedb:00001270-a-4	23723	232.400
urn:mavedb:00001270-a-5	23720	232.300
urn:mavedb:00001270-a-6	23723	232.400
urn:mavedb:00001270-a-7	23719	232.300
urn:mavedb:00001270-a-8	23720	232.300
urn:mavedb:00001270-a-9	23719	232.300
urn:mavedb:00001271-a-1	23698	232.100
urn:mavedb:00001272-a-1	2800	0.225
urn:mavedb:00001274-a-1	9631	0.597
urn:mavedb:00001275-a-1	7246	0.150
urn:mavedb:00001275-a-2	7244	0.150
