INSERT IGNORE INTO attrib_type (attrib_type_id, code, name, description) VALUES (1, 'SO_accession', '', 'Sequence Ontology accession');
INSERT IGNORE INTO attrib_type (attrib_type_id, code, name, description) VALUES (2, 'SO_term', '', 'Sequence Ontology term');
INSERT IGNORE INTO attrib_type (attrib_type_id, code, name, description) VALUES (3, 'display_term', '', 'Ensembl display term');
INSERT IGNORE INTO attrib_type (attrib_type_id, code, name, description) VALUES (4, 'NCBI_term', '', 'NCBI term');
INSERT IGNORE INTO attrib_type (attrib_type_id, code, name, description) VALUES (5, 'feature_SO_term', '', 'Sequence Ontology term for the associated feature');
INSERT IGNORE INTO attrib_type (attrib_type_id, code, name, description) VALUES (6, 'rank', '', 'Relative severity of this variation consequence');
INSERT IGNORE INTO attrib_type (attrib_type_id, code, name, description) VALUES (7, 'polyphen_prediction', '', 'PolyPhen-2 prediction');
INSERT IGNORE INTO attrib_type (attrib_type_id, code, name, description) VALUES (8, 'sift_prediction', '', 'SIFT prediction');
INSERT IGNORE INTO attrib_type (attrib_type_id, code, name, description) VALUES (9, 'short_name', 'Short name', 'A shorter name for an instance, e.g. a VariationSet');
INSERT IGNORE INTO attrib (attrib_id, attrib_type_id, value) VALUES (2, 2, 'SNV');
INSERT IGNORE INTO attrib (attrib_id, attrib_type_id, value) VALUES (1, 1, 'SO:0001483');
INSERT IGNORE INTO attrib (attrib_id, attrib_type_id, value) VALUES (3, 3, 'SNP');
INSERT IGNORE INTO attrib_set (attrib_set_id, attrib_id) VALUES (1, 2);
INSERT IGNORE INTO attrib_set (attrib_set_id, attrib_id) VALUES (1, 1);
INSERT IGNORE INTO attrib_set (attrib_set_id, attrib_id) VALUES (1, 3);
INSERT IGNORE INTO attrib (attrib_id, attrib_type_id, value) VALUES (5, 2, 'substitution');
INSERT IGNORE INTO attrib (attrib_id, attrib_type_id, value) VALUES (4, 1, 'SO:1000002');
INSERT IGNORE INTO attrib_set (attrib_set_id, attrib_id) VALUES (2, 5);
INSERT IGNORE INTO attrib_set (attrib_set_id, attrib_id) VALUES (2, 4);
INSERT IGNORE INTO attrib (attrib_id, attrib_type_id, value) VALUES (7, 2, 'copy_number_variation');
INSERT IGNORE INTO attrib (attrib_id, attrib_type_id, value) VALUES (6, 1, 'SO:0001019');
INSERT IGNORE INTO attrib (attrib_id, attrib_type_id, value) VALUES (8, 3, 'CNV');
INSERT IGNORE INTO attrib_set (attrib_set_id, attrib_id) VALUES (3, 7);
INSERT IGNORE INTO attrib_set (attrib_set_id, attrib_id) VALUES (3, 6);
INSERT IGNORE INTO attrib_set (attrib_set_id, attrib_id) VALUES (3, 8);
INSERT IGNORE INTO attrib (attrib_id, attrib_type_id, value) VALUES (10, 2, 'insertion');
INSERT IGNORE INTO attrib (attrib_id, attrib_type_id, value) VALUES (9, 1, 'SO:0000667');
INSERT IGNORE INTO attrib_set (attrib_set_id, attrib_id) VALUES (4, 10);
INSERT IGNORE INTO attrib_set (attrib_set_id, attrib_id) VALUES (4, 9);
INSERT IGNORE INTO attrib (attrib_id, attrib_type_id, value) VALUES (12, 2, 'deletion');
INSERT IGNORE INTO attrib (attrib_id, attrib_type_id, value) VALUES (11, 1, 'SO:0000159');
INSERT IGNORE INTO attrib_set (attrib_set_id, attrib_id) VALUES (5, 12);
INSERT IGNORE INTO attrib_set (attrib_set_id, attrib_id) VALUES (5, 11);
INSERT IGNORE INTO attrib (attrib_id, attrib_type_id, value) VALUES (14, 2, 'indel');
INSERT IGNORE INTO attrib (attrib_id, attrib_type_id, value) VALUES (13, 1, 'SO:1000032');
INSERT IGNORE INTO attrib_set (attrib_set_id, attrib_id) VALUES (6, 14);
INSERT IGNORE INTO attrib_set (attrib_set_id, attrib_id) VALUES (6, 13);
INSERT IGNORE INTO attrib (attrib_id, attrib_type_id, value) VALUES (16, 2, 'tandem_repeat');
INSERT IGNORE INTO attrib (attrib_id, attrib_type_id, value) VALUES (15, 1, 'SO:0000705');
INSERT IGNORE INTO attrib_set (attrib_set_id, attrib_id) VALUES (7, 16);
INSERT IGNORE INTO attrib_set (attrib_set_id, attrib_id) VALUES (7, 15);
INSERT IGNORE INTO attrib (attrib_id, attrib_type_id, value) VALUES (18, 2, 'sequence_alteration');
INSERT IGNORE INTO attrib (attrib_id, attrib_type_id, value) VALUES (17, 1, 'SO:0001059');
INSERT IGNORE INTO attrib_set (attrib_set_id, attrib_id) VALUES (8, 18);
INSERT IGNORE INTO attrib_set (attrib_set_id, attrib_id) VALUES (8, 17);
INSERT IGNORE INTO attrib (attrib_id, attrib_type_id, value) VALUES (111, 2, 'structural_variant');
INSERT IGNORE INTO attrib (attrib_id, attrib_type_id, value) VALUES (112, 1, 'SO:0001537');
INSERT IGNORE INTO attrib (attrib_id, attrib_type_id, value) VALUES (113, 3, 'SV');
INSERT IGNORE INTO attrib_set (attrib_set_id, attrib_id) VALUES (45, 111);
INSERT IGNORE INTO attrib_set (attrib_set_id, attrib_id) VALUES (45, 112);
INSERT IGNORE INTO attrib_set (attrib_set_id, attrib_id) VALUES (45, 113);
INSERT IGNORE INTO attrib (attrib_id, attrib_type_id, value) VALUES (114, 2, 'probe');
INSERT IGNORE INTO attrib (attrib_id, attrib_type_id, value) VALUES (115, 1, 'SO:0000051');
INSERT IGNORE INTO attrib (attrib_id, attrib_type_id, value) VALUES (116, 3, 'CNV_PROBE');
INSERT IGNORE INTO attrib_set (attrib_set_id, attrib_id) VALUES (46, 114);
INSERT IGNORE INTO attrib_set (attrib_set_id, attrib_id) VALUES (46, 115);
INSERT IGNORE INTO attrib_set (attrib_set_id, attrib_id) VALUES (46, 116);
INSERT IGNORE INTO attrib (attrib_id, attrib_type_id, value) VALUES (200, 2, 'copy_number_gain');
INSERT IGNORE INTO attrib (attrib_id, attrib_type_id, value) VALUES (201, 1, 'SO:0001742');
INSERT IGNORE INTO attrib (attrib_id, attrib_type_id, value) VALUES (202, 3, 'Gain');
INSERT IGNORE INTO attrib_set (attrib_set_id, attrib_id) VALUES (49, 200);
INSERT IGNORE INTO attrib_set (attrib_set_id, attrib_id) VALUES (49, 201);
INSERT IGNORE INTO attrib_set (attrib_set_id, attrib_id) VALUES (49, 202);
INSERT IGNORE INTO attrib (attrib_id, attrib_type_id, value) VALUES (203, 2, 'copy_number_loss');
INSERT IGNORE INTO attrib (attrib_id, attrib_type_id, value) VALUES (204, 1, 'SO:0001743');
INSERT IGNORE INTO attrib (attrib_id, attrib_type_id, value) VALUES (205, 3, 'Loss');
INSERT IGNORE INTO attrib_set (attrib_set_id, attrib_id) VALUES (50, 203);
INSERT IGNORE INTO attrib_set (attrib_set_id, attrib_id) VALUES (50, 204);
INSERT IGNORE INTO attrib_set (attrib_set_id, attrib_id) VALUES (50, 205);
INSERT IGNORE INTO attrib (attrib_id, attrib_type_id, value) VALUES (206, 2, 'inversion');
INSERT IGNORE INTO attrib (attrib_id, attrib_type_id, value) VALUES (207, 1, 'SO:1000036');
INSERT IGNORE INTO attrib_set (attrib_set_id, attrib_id) VALUES (51, 206);
INSERT IGNORE INTO attrib_set (attrib_set_id, attrib_id) VALUES (51, 207);
INSERT IGNORE INTO attrib (attrib_id, attrib_type_id, value) VALUES (208, 2, 'complex_structural_alteration');
INSERT IGNORE INTO attrib (attrib_id, attrib_type_id, value) VALUES (209, 1, 'SO:0001784');
INSERT IGNORE INTO attrib (attrib_id, attrib_type_id, value) VALUES (210, 3, 'Complex');
INSERT IGNORE INTO attrib_set (attrib_set_id, attrib_id) VALUES (52, 208);
INSERT IGNORE INTO attrib_set (attrib_set_id, attrib_id) VALUES (52, 209);
INSERT IGNORE INTO attrib_set (attrib_set_id, attrib_id) VALUES (52, 210);
INSERT IGNORE INTO attrib (attrib_id, attrib_type_id, value) VALUES (211, 2, 'tandem_duplication');
INSERT IGNORE INTO attrib (attrib_id, attrib_type_id, value) VALUES (212, 1, 'SO:1000173');
INSERT IGNORE INTO attrib (attrib_id, attrib_type_id, value) VALUES (213, 3, 'Tandem duplication');
INSERT IGNORE INTO attrib_set (attrib_set_id, attrib_id) VALUES (53, 211);
INSERT IGNORE INTO attrib_set (attrib_set_id, attrib_id) VALUES (53, 212);
INSERT IGNORE INTO attrib_set (attrib_set_id, attrib_id) VALUES (53, 213);
INSERT IGNORE INTO attrib (attrib_id, attrib_type_id, value) VALUES (20, 2, 'intergenic_variant');
INSERT IGNORE INTO attrib (attrib_id, attrib_type_id, value) VALUES (117, 6, '100');
INSERT IGNORE INTO attrib (attrib_id, attrib_type_id, value) VALUES (19, 1, 'SO:0001628');
INSERT IGNORE INTO attrib (attrib_id, attrib_type_id, value) VALUES (21, 3, 'INTERGENIC');
INSERT IGNORE INTO attrib_set (attrib_set_id, attrib_id) VALUES (9, 20);
INSERT IGNORE INTO attrib_set (attrib_set_id, attrib_id) VALUES (9, 117);
INSERT IGNORE INTO attrib_set (attrib_set_id, attrib_id) VALUES (9, 19);
INSERT IGNORE INTO attrib_set (attrib_set_id, attrib_id) VALUES (9, 21);
INSERT IGNORE INTO attrib (attrib_id, attrib_type_id, value) VALUES (118, 5, 'transcript');
INSERT IGNORE INTO attrib (attrib_id, attrib_type_id, value) VALUES (22, 1, 'SO:0001635');
INSERT IGNORE INTO attrib (attrib_id, attrib_type_id, value) VALUES (23, 2, '5KB_upstream_variant');
INSERT IGNORE INTO attrib (attrib_id, attrib_type_id, value) VALUES (119, 6, '20');
INSERT IGNORE INTO attrib (attrib_id, attrib_type_id, value) VALUES (24, 3, 'UPSTREAM');
INSERT IGNORE INTO attrib_set (attrib_set_id, attrib_id) VALUES (10, 118);
INSERT IGNORE INTO attrib_set (attrib_set_id, attrib_id) VALUES (10, 22);
INSERT IGNORE INTO attrib_set (attrib_set_id, attrib_id) VALUES (10, 23);
INSERT IGNORE INTO attrib_set (attrib_set_id, attrib_id) VALUES (10, 119);
INSERT IGNORE INTO attrib_set (attrib_set_id, attrib_id) VALUES (10, 24);
INSERT IGNORE INTO attrib (attrib_id, attrib_type_id, value) VALUES (25, 1, 'SO:0001633');
INSERT IGNORE INTO attrib (attrib_id, attrib_type_id, value) VALUES (26, 2, '5KB_downstream_variant');
INSERT IGNORE INTO attrib (attrib_id, attrib_type_id, value) VALUES (120, 6, '21');
INSERT IGNORE INTO attrib (attrib_id, attrib_type_id, value) VALUES (27, 3, 'DOWNSTREAM');
INSERT IGNORE INTO attrib_set (attrib_set_id, attrib_id) VALUES (11, 118);
INSERT IGNORE INTO attrib_set (attrib_set_id, attrib_id) VALUES (11, 25);
INSERT IGNORE INTO attrib_set (attrib_set_id, attrib_id) VALUES (11, 26);
INSERT IGNORE INTO attrib_set (attrib_set_id, attrib_id) VALUES (11, 120);
INSERT IGNORE INTO attrib_set (attrib_set_id, attrib_id) VALUES (11, 27);
INSERT IGNORE INTO attrib (attrib_id, attrib_type_id, value) VALUES (121, 4, 'near-gene-5');
INSERT IGNORE INTO attrib (attrib_id, attrib_type_id, value) VALUES (28, 1, 'SO:0001636');
INSERT IGNORE INTO attrib (attrib_id, attrib_type_id, value) VALUES (29, 2, '2KB_upstream_variant');
INSERT IGNORE INTO attrib (attrib_id, attrib_type_id, value) VALUES (122, 6, '18');
INSERT IGNORE INTO attrib_set (attrib_set_id, attrib_id) VALUES (12, 121);
INSERT IGNORE INTO attrib_set (attrib_set_id, attrib_id) VALUES (12, 118);
INSERT IGNORE INTO attrib_set (attrib_set_id, attrib_id) VALUES (12, 28);
INSERT IGNORE INTO attrib_set (attrib_set_id, attrib_id) VALUES (12, 29);
INSERT IGNORE INTO attrib_set (attrib_set_id, attrib_id) VALUES (12, 122);
INSERT IGNORE INTO attrib_set (attrib_set_id, attrib_id) VALUES (12, 24);
INSERT IGNORE INTO attrib (attrib_id, attrib_type_id, value) VALUES (123, 4, 'near-gene-3');
INSERT IGNORE INTO attrib (attrib_id, attrib_type_id, value) VALUES (30, 1, 'SO:0001634');
INSERT IGNORE INTO attrib (attrib_id, attrib_type_id, value) VALUES (31, 2, '500B_downstream_variant');
INSERT IGNORE INTO attrib (attrib_id, attrib_type_id, value) VALUES (124, 6, '19');
INSERT IGNORE INTO attrib_set (attrib_set_id, attrib_id) VALUES (13, 123);
INSERT IGNORE INTO attrib_set (attrib_set_id, attrib_id) VALUES (13, 118);
INSERT IGNORE INTO attrib_set (attrib_set_id, attrib_id) VALUES (13, 30);
INSERT IGNORE INTO attrib_set (attrib_set_id, attrib_id) VALUES (13, 31);
INSERT IGNORE INTO attrib_set (attrib_set_id, attrib_id) VALUES (13, 124);
INSERT IGNORE INTO attrib_set (attrib_set_id, attrib_id) VALUES (13, 27);
INSERT IGNORE INTO attrib (attrib_id, attrib_type_id, value) VALUES (125, 4, 'splice-5');
INSERT IGNORE INTO attrib (attrib_id, attrib_type_id, value) VALUES (126, 5, 'primary_transcript');
INSERT IGNORE INTO attrib (attrib_id, attrib_type_id, value) VALUES (32, 1, 'SO:0001575');
INSERT IGNORE INTO attrib (attrib_id, attrib_type_id, value) VALUES (33, 2, 'splice_donor_variant');
INSERT IGNORE INTO attrib (attrib_id, attrib_type_id, value) VALUES (127, 6, '1');
INSERT IGNORE INTO attrib (attrib_id, attrib_type_id, value) VALUES (34, 3, 'ESSENTIAL_SPLICE_SITE');
INSERT IGNORE INTO attrib_set (attrib_set_id, attrib_id) VALUES (14, 125);
INSERT IGNORE INTO attrib_set (attrib_set_id, attrib_id) VALUES (14, 126);
INSERT IGNORE INTO attrib_set (attrib_set_id, attrib_id) VALUES (14, 32);
INSERT IGNORE INTO attrib_set (attrib_set_id, attrib_id) VALUES (14, 33);
INSERT IGNORE INTO attrib_set (attrib_set_id, attrib_id) VALUES (14, 127);
INSERT IGNORE INTO attrib_set (attrib_set_id, attrib_id) VALUES (14, 34);
INSERT IGNORE INTO attrib (attrib_id, attrib_type_id, value) VALUES (128, 4, 'splice-3');
INSERT IGNORE INTO attrib (attrib_id, attrib_type_id, value) VALUES (129, 1, 'SO:0001574');
INSERT IGNORE INTO attrib (attrib_id, attrib_type_id, value) VALUES (36, 2, 'splice_acceptor_variant');
INSERT IGNORE INTO attrib_set (attrib_set_id, attrib_id) VALUES (47, 128);
INSERT IGNORE INTO attrib_set (attrib_set_id, attrib_id) VALUES (47, 126);
INSERT IGNORE INTO attrib_set (attrib_set_id, attrib_id) VALUES (47, 129);
INSERT IGNORE INTO attrib_set (attrib_set_id, attrib_id) VALUES (47, 36);
INSERT IGNORE INTO attrib_set (attrib_set_id, attrib_id) VALUES (47, 127);
INSERT IGNORE INTO attrib_set (attrib_set_id, attrib_id) VALUES (47, 34);
INSERT IGNORE INTO attrib (attrib_id, attrib_type_id, value) VALUES (37, 1, 'SO:0001630');
INSERT IGNORE INTO attrib (attrib_id, attrib_type_id, value) VALUES (38, 2, 'splice_region_variant');
INSERT IGNORE INTO attrib (attrib_id, attrib_type_id, value) VALUES (130, 6, '8');
INSERT IGNORE INTO attrib (attrib_id, attrib_type_id, value) VALUES (39, 3, 'SPLICE_SITE');
INSERT IGNORE INTO attrib_set (attrib_set_id, attrib_id) VALUES (16, 126);
INSERT IGNORE INTO attrib_set (attrib_set_id, attrib_id) VALUES (16, 37);
INSERT IGNORE INTO attrib_set (attrib_set_id, attrib_id) VALUES (16, 38);
INSERT IGNORE INTO attrib_set (attrib_set_id, attrib_id) VALUES (16, 130);
INSERT IGNORE INTO attrib_set (attrib_set_id, attrib_id) VALUES (16, 39);
INSERT IGNORE INTO attrib (attrib_id, attrib_type_id, value) VALUES (131, 4, 'intron');
INSERT IGNORE INTO attrib (attrib_id, attrib_type_id, value) VALUES (40, 1, 'SO:0001627');
INSERT IGNORE INTO attrib (attrib_id, attrib_type_id, value) VALUES (41, 2, 'intron_variant');
INSERT IGNORE INTO attrib (attrib_id, attrib_type_id, value) VALUES (132, 6, '15');
INSERT IGNORE INTO attrib (attrib_id, attrib_type_id, value) VALUES (42, 3, 'INTRONIC');
INSERT IGNORE INTO attrib_set (attrib_set_id, attrib_id) VALUES (17, 131);
INSERT IGNORE INTO attrib_set (attrib_set_id, attrib_id) VALUES (17, 126);
INSERT IGNORE INTO attrib_set (attrib_set_id, attrib_id) VALUES (17, 40);
INSERT IGNORE INTO attrib_set (attrib_set_id, attrib_id) VALUES (17, 41);
INSERT IGNORE INTO attrib_set (attrib_set_id, attrib_id) VALUES (17, 132);
INSERT IGNORE INTO attrib_set (attrib_set_id, attrib_id) VALUES (17, 42);
INSERT IGNORE INTO attrib (attrib_id, attrib_type_id, value) VALUES (133, 4, 'untranslated_5');
INSERT IGNORE INTO attrib (attrib_id, attrib_type_id, value) VALUES (134, 5, 'mRNA');
INSERT IGNORE INTO attrib (attrib_id, attrib_type_id, value) VALUES (43, 1, 'SO:0001623');
INSERT IGNORE INTO attrib (attrib_id, attrib_type_id, value) VALUES (44, 2, '5_prime_UTR_variant');
INSERT IGNORE INTO attrib (attrib_id, attrib_type_id, value) VALUES (135, 6, '13');
INSERT IGNORE INTO attrib (attrib_id, attrib_type_id, value) VALUES (45, 3, '5PRIME_UTR');
INSERT IGNORE INTO attrib_set (attrib_set_id, attrib_id) VALUES (18, 133);
INSERT IGNORE INTO attrib_set (attrib_set_id, attrib_id) VALUES (18, 134);
INSERT IGNORE INTO attrib_set (attrib_set_id, attrib_id) VALUES (18, 43);
INSERT IGNORE INTO attrib_set (attrib_set_id, attrib_id) VALUES (18, 44);
INSERT IGNORE INTO attrib_set (attrib_set_id, attrib_id) VALUES (18, 135);
INSERT IGNORE INTO attrib_set (attrib_set_id, attrib_id) VALUES (18, 45);
INSERT IGNORE INTO attrib (attrib_id, attrib_type_id, value) VALUES (136, 4, 'untranslated_3');
INSERT IGNORE INTO attrib (attrib_id, attrib_type_id, value) VALUES (46, 1, 'SO:0001624');
INSERT IGNORE INTO attrib (attrib_id, attrib_type_id, value) VALUES (47, 2, '3_prime_UTR_variant');
INSERT IGNORE INTO attrib (attrib_id, attrib_type_id, value) VALUES (137, 6, '14');
INSERT IGNORE INTO attrib (attrib_id, attrib_type_id, value) VALUES (48, 3, '3PRIME_UTR');
INSERT IGNORE INTO attrib_set (attrib_set_id, attrib_id) VALUES (19, 136);
INSERT IGNORE INTO attrib_set (attrib_set_id, attrib_id) VALUES (19, 134);
INSERT IGNORE INTO attrib_set (attrib_set_id, attrib_id) VALUES (19, 46);
INSERT IGNORE INTO attrib_set (attrib_set_id, attrib_id) VALUES (19, 47);
INSERT IGNORE INTO attrib_set (attrib_set_id, attrib_id) VALUES (19, 137);
INSERT IGNORE INTO attrib_set (attrib_set_id, attrib_id) VALUES (19, 48);
INSERT IGNORE INTO attrib (attrib_id, attrib_type_id, value) VALUES (49, 1, 'SO:0001577');
INSERT IGNORE INTO attrib (attrib_id, attrib_type_id, value) VALUES (50, 2, 'complex_change_in_transcript');
INSERT IGNORE INTO attrib (attrib_id, attrib_type_id, value) VALUES (138, 6, '5');
INSERT IGNORE INTO attrib (attrib_id, attrib_type_id, value) VALUES (51, 3, 'COMPLEX_INDEL');
INSERT IGNORE INTO attrib_set (attrib_set_id, attrib_id) VALUES (20, 126);
INSERT IGNORE INTO attrib_set (attrib_set_id, attrib_id) VALUES (20, 49);
INSERT IGNORE INTO attrib_set (attrib_set_id, attrib_id) VALUES (20, 50);
INSERT IGNORE INTO attrib_set (attrib_set_id, attrib_id) VALUES (20, 138);
INSERT IGNORE INTO attrib_set (attrib_set_id, attrib_id) VALUES (20, 51);
INSERT IGNORE INTO attrib (attrib_id, attrib_type_id, value) VALUES (139, 4, 'cds-synon');
INSERT IGNORE INTO attrib (attrib_id, attrib_type_id, value) VALUES (52, 1, 'SO:0001588');
INSERT IGNORE INTO attrib (attrib_id, attrib_type_id, value) VALUES (53, 2, 'synonymous_codon');
INSERT IGNORE INTO attrib (attrib_id, attrib_type_id, value) VALUES (140, 6, '10');
INSERT IGNORE INTO attrib (attrib_id, attrib_type_id, value) VALUES (54, 3, 'SYNONYMOUS_CODING');
INSERT IGNORE INTO attrib_set (attrib_set_id, attrib_id) VALUES (21, 139);
INSERT IGNORE INTO attrib_set (attrib_set_id, attrib_id) VALUES (21, 134);
INSERT IGNORE INTO attrib_set (attrib_set_id, attrib_id) VALUES (21, 52);
INSERT IGNORE INTO attrib_set (attrib_set_id, attrib_id) VALUES (21, 53);
INSERT IGNORE INTO attrib_set (attrib_set_id, attrib_id) VALUES (21, 140);
INSERT IGNORE INTO attrib_set (attrib_set_id, attrib_id) VALUES (21, 54);
INSERT IGNORE INTO attrib (attrib_id, attrib_type_id, value) VALUES (141, 4, 'missense');
INSERT IGNORE INTO attrib (attrib_id, attrib_type_id, value) VALUES (55, 1, 'SO:0001583');
INSERT IGNORE INTO attrib (attrib_id, attrib_type_id, value) VALUES (56, 2, 'non_synonymous_codon');
INSERT IGNORE INTO attrib (attrib_id, attrib_type_id, value) VALUES (142, 6, '7');
INSERT IGNORE INTO attrib (attrib_id, attrib_type_id, value) VALUES (57, 3, 'NON_SYNONYMOUS_CODING');
INSERT IGNORE INTO attrib_set (attrib_set_id, attrib_id) VALUES (22, 141);
INSERT IGNORE INTO attrib_set (attrib_set_id, attrib_id) VALUES (22, 134);
INSERT IGNORE INTO attrib_set (attrib_set_id, attrib_id) VALUES (22, 55);
INSERT IGNORE INTO attrib_set (attrib_set_id, attrib_id) VALUES (22, 56);
INSERT IGNORE INTO attrib_set (attrib_set_id, attrib_id) VALUES (22, 142);
INSERT IGNORE INTO attrib_set (attrib_set_id, attrib_id) VALUES (22, 57);
INSERT IGNORE INTO attrib (attrib_id, attrib_type_id, value) VALUES (58, 1, 'SO:0001651');
INSERT IGNORE INTO attrib (attrib_id, attrib_type_id, value) VALUES (59, 2, 'inframe_codon_gain');
INSERT IGNORE INTO attrib (attrib_id, attrib_type_id, value) VALUES (143, 6, '6');
INSERT IGNORE INTO attrib_set (attrib_set_id, attrib_id) VALUES (23, 134);
INSERT IGNORE INTO attrib_set (attrib_set_id, attrib_id) VALUES (23, 58);
INSERT IGNORE INTO attrib_set (attrib_set_id, attrib_id) VALUES (23, 59);
INSERT IGNORE INTO attrib_set (attrib_set_id, attrib_id) VALUES (23, 143);
INSERT IGNORE INTO attrib_set (attrib_set_id, attrib_id) VALUES (23, 57);
INSERT IGNORE INTO attrib (attrib_id, attrib_type_id, value) VALUES (60, 1, 'SO:0001652');
INSERT IGNORE INTO attrib (attrib_id, attrib_type_id, value) VALUES (61, 2, 'inframe_codon_loss');
INSERT IGNORE INTO attrib_set (attrib_set_id, attrib_id) VALUES (24, 134);
INSERT IGNORE INTO attrib_set (attrib_set_id, attrib_id) VALUES (24, 60);
INSERT IGNORE INTO attrib_set (attrib_set_id, attrib_id) VALUES (24, 61);
INSERT IGNORE INTO attrib_set (attrib_set_id, attrib_id) VALUES (24, 143);
INSERT IGNORE INTO attrib_set (attrib_set_id, attrib_id) VALUES (24, 57);
INSERT IGNORE INTO attrib (attrib_id, attrib_type_id, value) VALUES (144, 4, 'nonsense');
INSERT IGNORE INTO attrib (attrib_id, attrib_type_id, value) VALUES (62, 1, 'SO:0001587');
INSERT IGNORE INTO attrib (attrib_id, attrib_type_id, value) VALUES (63, 2, 'stop_gained');
INSERT IGNORE INTO attrib (attrib_id, attrib_type_id, value) VALUES (145, 6, '3');
INSERT IGNORE INTO attrib (attrib_id, attrib_type_id, value) VALUES (64, 3, 'STOP_GAINED');
INSERT IGNORE INTO attrib_set (attrib_set_id, attrib_id) VALUES (25, 144);
INSERT IGNORE INTO attrib_set (attrib_set_id, attrib_id) VALUES (25, 134);
INSERT IGNORE INTO attrib_set (attrib_set_id, attrib_id) VALUES (25, 62);
INSERT IGNORE INTO attrib_set (attrib_set_id, attrib_id) VALUES (25, 63);
INSERT IGNORE INTO attrib_set (attrib_set_id, attrib_id) VALUES (25, 145);
INSERT IGNORE INTO attrib_set (attrib_set_id, attrib_id) VALUES (25, 64);
INSERT IGNORE INTO attrib (attrib_id, attrib_type_id, value) VALUES (65, 1, 'SO:0001578');
INSERT IGNORE INTO attrib (attrib_id, attrib_type_id, value) VALUES (66, 2, 'stop_lost');
INSERT IGNORE INTO attrib (attrib_id, attrib_type_id, value) VALUES (146, 6, '4');
INSERT IGNORE INTO attrib (attrib_id, attrib_type_id, value) VALUES (67, 3, 'STOP_LOST');
INSERT IGNORE INTO attrib_set (attrib_set_id, attrib_id) VALUES (26, 134);
INSERT IGNORE INTO attrib_set (attrib_set_id, attrib_id) VALUES (26, 65);
INSERT IGNORE INTO attrib_set (attrib_set_id, attrib_id) VALUES (26, 66);
INSERT IGNORE INTO attrib_set (attrib_set_id, attrib_id) VALUES (26, 146);
INSERT IGNORE INTO attrib_set (attrib_set_id, attrib_id) VALUES (26, 67);
INSERT IGNORE INTO attrib (attrib_id, attrib_type_id, value) VALUES (68, 1, 'SO:0001567');
INSERT IGNORE INTO attrib (attrib_id, attrib_type_id, value) VALUES (69, 2, 'stop_retained_variant');
INSERT IGNORE INTO attrib_set (attrib_set_id, attrib_id) VALUES (27, 134);
INSERT IGNORE INTO attrib_set (attrib_set_id, attrib_id) VALUES (27, 68);
INSERT IGNORE INTO attrib_set (attrib_set_id, attrib_id) VALUES (27, 69);
INSERT IGNORE INTO attrib_set (attrib_set_id, attrib_id) VALUES (27, 140);
INSERT IGNORE INTO attrib_set (attrib_set_id, attrib_id) VALUES (27, 54);
INSERT IGNORE INTO attrib (attrib_id, attrib_type_id, value) VALUES (70, 1, 'SO:0001582');
INSERT IGNORE INTO attrib (attrib_id, attrib_type_id, value) VALUES (71, 2, 'initiator_codon_change');
INSERT IGNORE INTO attrib_set (attrib_set_id, attrib_id) VALUES (28, 134);
INSERT IGNORE INTO attrib_set (attrib_set_id, attrib_id) VALUES (28, 70);
INSERT IGNORE INTO attrib_set (attrib_set_id, attrib_id) VALUES (28, 71);
INSERT IGNORE INTO attrib_set (attrib_set_id, attrib_id) VALUES (28, 142);
INSERT IGNORE INTO attrib_set (attrib_set_id, attrib_id) VALUES (28, 57);
INSERT IGNORE INTO attrib (attrib_id, attrib_type_id, value) VALUES (147, 4, 'frameshift');
INSERT IGNORE INTO attrib (attrib_id, attrib_type_id, value) VALUES (72, 1, 'SO:0001589');
INSERT IGNORE INTO attrib (attrib_id, attrib_type_id, value) VALUES (73, 2, 'frameshift_variant');
INSERT IGNORE INTO attrib (attrib_id, attrib_type_id, value) VALUES (74, 3, 'FRAMESHIFT_CODING');
INSERT IGNORE INTO attrib_set (attrib_set_id, attrib_id) VALUES (29, 147);
INSERT IGNORE INTO attrib_set (attrib_set_id, attrib_id) VALUES (29, 134);
INSERT IGNORE INTO attrib_set (attrib_set_id, attrib_id) VALUES (29, 72);
INSERT IGNORE INTO attrib_set (attrib_set_id, attrib_id) VALUES (29, 73);
INSERT IGNORE INTO attrib_set (attrib_set_id, attrib_id) VALUES (29, 143);
INSERT IGNORE INTO attrib_set (attrib_set_id, attrib_id) VALUES (29, 74);
INSERT IGNORE INTO attrib (attrib_id, attrib_type_id, value) VALUES (75, 1, 'SO:0001626');
INSERT IGNORE INTO attrib (attrib_id, attrib_type_id, value) VALUES (76, 2, 'incomplete_terminal_codon_variant');
INSERT IGNORE INTO attrib (attrib_id, attrib_type_id, value) VALUES (148, 6, '9');
INSERT IGNORE INTO attrib (attrib_id, attrib_type_id, value) VALUES (77, 3, 'PARTIAL_CODON');
INSERT IGNORE INTO attrib_set (attrib_set_id, attrib_id) VALUES (30, 134);
INSERT IGNORE INTO attrib_set (attrib_set_id, attrib_id) VALUES (30, 75);
INSERT IGNORE INTO attrib_set (attrib_set_id, attrib_id) VALUES (30, 76);
INSERT IGNORE INTO attrib_set (attrib_set_id, attrib_id) VALUES (30, 148);
INSERT IGNORE INTO attrib_set (attrib_set_id, attrib_id) VALUES (30, 77);
INSERT IGNORE INTO attrib (attrib_id, attrib_type_id, value) VALUES (78, 1, 'SO:0001621');
INSERT IGNORE INTO attrib (attrib_id, attrib_type_id, value) VALUES (79, 2, 'NMD_transcript_variant');
INSERT IGNORE INTO attrib (attrib_id, attrib_type_id, value) VALUES (149, 6, '16');
INSERT IGNORE INTO attrib (attrib_id, attrib_type_id, value) VALUES (80, 3, 'NMD_TRANSCRIPT');
INSERT IGNORE INTO attrib_set (attrib_set_id, attrib_id) VALUES (31, 134);
INSERT IGNORE INTO attrib_set (attrib_set_id, attrib_id) VALUES (31, 78);
INSERT IGNORE INTO attrib_set (attrib_set_id, attrib_id) VALUES (31, 79);
INSERT IGNORE INTO attrib_set (attrib_set_id, attrib_id) VALUES (31, 149);
INSERT IGNORE INTO attrib_set (attrib_set_id, attrib_id) VALUES (31, 80);
INSERT IGNORE INTO attrib (attrib_id, attrib_type_id, value) VALUES (150, 5, 'ncRNA');
INSERT IGNORE INTO attrib (attrib_id, attrib_type_id, value) VALUES (81, 1, 'SO:0001619');
INSERT IGNORE INTO attrib (attrib_id, attrib_type_id, value) VALUES (82, 2, 'nc_transcript_variant');
INSERT IGNORE INTO attrib (attrib_id, attrib_type_id, value) VALUES (151, 6, '17');
INSERT IGNORE INTO attrib (attrib_id, attrib_type_id, value) VALUES (83, 3, 'WITHIN_NON_CODING_GENE');
INSERT IGNORE INTO attrib_set (attrib_set_id, attrib_id) VALUES (32, 150);
INSERT IGNORE INTO attrib_set (attrib_set_id, attrib_id) VALUES (32, 81);
INSERT IGNORE INTO attrib_set (attrib_set_id, attrib_id) VALUES (32, 82);
INSERT IGNORE INTO attrib_set (attrib_set_id, attrib_id) VALUES (32, 151);
INSERT IGNORE INTO attrib_set (attrib_set_id, attrib_id) VALUES (32, 83);
INSERT IGNORE INTO attrib (attrib_id, attrib_type_id, value) VALUES (152, 5, 'miRNA');
INSERT IGNORE INTO attrib (attrib_id, attrib_type_id, value) VALUES (84, 1, 'SO:0001620');
INSERT IGNORE INTO attrib (attrib_id, attrib_type_id, value) VALUES (85, 2, 'mature_miRNA_variant');
INSERT IGNORE INTO attrib (attrib_id, attrib_type_id, value) VALUES (153, 6, '12');
INSERT IGNORE INTO attrib (attrib_id, attrib_type_id, value) VALUES (86, 3, 'WITHIN_MATURE_miRNA');
INSERT IGNORE INTO attrib_set (attrib_set_id, attrib_id) VALUES (33, 152);
INSERT IGNORE INTO attrib_set (attrib_set_id, attrib_id) VALUES (33, 84);
INSERT IGNORE INTO attrib_set (attrib_set_id, attrib_id) VALUES (33, 85);
INSERT IGNORE INTO attrib_set (attrib_set_id, attrib_id) VALUES (33, 153);
INSERT IGNORE INTO attrib_set (attrib_set_id, attrib_id) VALUES (33, 86);
INSERT IGNORE INTO attrib (attrib_id, attrib_type_id, value) VALUES (87, 1, 'SO:0001580');
INSERT IGNORE INTO attrib (attrib_id, attrib_type_id, value) VALUES (88, 2, 'coding_sequence_variant');
INSERT IGNORE INTO attrib (attrib_id, attrib_type_id, value) VALUES (154, 6, '11');
INSERT IGNORE INTO attrib (attrib_id, attrib_type_id, value) VALUES (89, 3, 'CODING_UNKNOWN');
INSERT IGNORE INTO attrib_set (attrib_set_id, attrib_id) VALUES (34, 134);
INSERT IGNORE INTO attrib_set (attrib_set_id, attrib_id) VALUES (34, 87);
INSERT IGNORE INTO attrib_set (attrib_set_id, attrib_id) VALUES (34, 88);
INSERT IGNORE INTO attrib_set (attrib_set_id, attrib_id) VALUES (34, 154);
INSERT IGNORE INTO attrib_set (attrib_set_id, attrib_id) VALUES (34, 89);
INSERT IGNORE INTO attrib (attrib_id, attrib_type_id, value) VALUES (155, 5, 'regulatory_region');
INSERT IGNORE INTO attrib (attrib_id, attrib_type_id, value) VALUES (90, 1, 'SO:0001566');
INSERT IGNORE INTO attrib (attrib_id, attrib_type_id, value) VALUES (91, 2, 'regulatory_region_variant');
INSERT IGNORE INTO attrib (attrib_id, attrib_type_id, value) VALUES (156, 6, '50');
INSERT IGNORE INTO attrib (attrib_id, attrib_type_id, value) VALUES (92, 3, 'REGULATORY_REGION');
INSERT IGNORE INTO attrib_set (attrib_set_id, attrib_id) VALUES (35, 155);
INSERT IGNORE INTO attrib_set (attrib_set_id, attrib_id) VALUES (35, 90);
INSERT IGNORE INTO attrib_set (attrib_set_id, attrib_id) VALUES (35, 91);
INSERT IGNORE INTO attrib_set (attrib_set_id, attrib_id) VALUES (35, 156);
INSERT IGNORE INTO attrib_set (attrib_set_id, attrib_id) VALUES (35, 92);
INSERT IGNORE INTO attrib (attrib_id, attrib_type_id, value) VALUES (157, 5, 'TF_binding_site');
INSERT IGNORE INTO attrib (attrib_id, attrib_type_id, value) VALUES (158, 1, 'SO:0001782');
INSERT IGNORE INTO attrib (attrib_id, attrib_type_id, value) VALUES (159, 2, 'TF_binding_site_variant');
INSERT IGNORE INTO attrib (attrib_id, attrib_type_id, value) VALUES (160, 6, '49');
INSERT IGNORE INTO attrib_set (attrib_set_id, attrib_id) VALUES (48, 157);
INSERT IGNORE INTO attrib_set (attrib_set_id, attrib_id) VALUES (48, 158);
INSERT IGNORE INTO attrib_set (attrib_set_id, attrib_id) VALUES (48, 159);
INSERT IGNORE INTO attrib_set (attrib_set_id, attrib_id) VALUES (48, 160);
INSERT IGNORE INTO attrib_set (attrib_set_id, attrib_id) VALUES (48, 92);
INSERT IGNORE INTO attrib (attrib_id, attrib_type_id, value) VALUES (98, 2, 'mRNA');
INSERT IGNORE INTO attrib (attrib_id, attrib_type_id, value) VALUES (97, 1, 'SO:0000234');
INSERT IGNORE INTO attrib_set (attrib_set_id, attrib_id) VALUES (38, 98);
INSERT IGNORE INTO attrib_set (attrib_set_id, attrib_id) VALUES (38, 97);
INSERT IGNORE INTO attrib (attrib_id, attrib_type_id, value) VALUES (100, 2, 'transcript');
INSERT IGNORE INTO attrib (attrib_id, attrib_type_id, value) VALUES (99, 1, 'SO:0000673');
INSERT IGNORE INTO attrib_set (attrib_set_id, attrib_id) VALUES (39, 100);
INSERT IGNORE INTO attrib_set (attrib_set_id, attrib_id) VALUES (39, 99);
INSERT IGNORE INTO attrib (attrib_id, attrib_type_id, value) VALUES (102, 2, 'primary_transcript');
INSERT IGNORE INTO attrib (attrib_id, attrib_type_id, value) VALUES (101, 1, 'SO:0000185');
INSERT IGNORE INTO attrib_set (attrib_set_id, attrib_id) VALUES (40, 102);
INSERT IGNORE INTO attrib_set (attrib_set_id, attrib_id) VALUES (40, 101);
INSERT IGNORE INTO attrib (attrib_id, attrib_type_id, value) VALUES (104, 2, 'ncRNA');
INSERT IGNORE INTO attrib (attrib_id, attrib_type_id, value) VALUES (103, 1, 'SO:0000655');
INSERT IGNORE INTO attrib_set (attrib_set_id, attrib_id) VALUES (41, 104);
INSERT IGNORE INTO attrib_set (attrib_set_id, attrib_id) VALUES (41, 103);
INSERT IGNORE INTO attrib (attrib_id, attrib_type_id, value) VALUES (106, 2, 'miRNA');
INSERT IGNORE INTO attrib (attrib_id, attrib_type_id, value) VALUES (105, 1, 'SO:0000276');
INSERT IGNORE INTO attrib_set (attrib_set_id, attrib_id) VALUES (42, 106);
INSERT IGNORE INTO attrib_set (attrib_set_id, attrib_id) VALUES (42, 105);
INSERT IGNORE INTO attrib (attrib_id, attrib_type_id, value) VALUES (108, 2, 'regulatory_region');
INSERT IGNORE INTO attrib (attrib_id, attrib_type_id, value) VALUES (107, 1, 'SO:0005836');
INSERT IGNORE INTO attrib_set (attrib_set_id, attrib_id) VALUES (43, 108);
INSERT IGNORE INTO attrib_set (attrib_set_id, attrib_id) VALUES (43, 107);
INSERT IGNORE INTO attrib (attrib_id, attrib_type_id, value) VALUES (110, 2, 'binding_site');
INSERT IGNORE INTO attrib (attrib_id, attrib_type_id, value) VALUES (109, 1, 'SO:0000409');
INSERT IGNORE INTO attrib_set (attrib_set_id, attrib_id) VALUES (44, 110);
INSERT IGNORE INTO attrib_set (attrib_set_id, attrib_id) VALUES (44, 109);
INSERT IGNORE INTO attrib_set (attrib_set_id, attrib_id) VALUES (43, 108);
INSERT IGNORE INTO attrib_set (attrib_set_id, attrib_id) VALUES (43, 107);
INSERT IGNORE INTO attrib_set (attrib_set_id, attrib_id) VALUES (44, 110);
INSERT IGNORE INTO attrib_set (attrib_set_id, attrib_id) VALUES (44, 109);
INSERT IGNORE INTO attrib_set (attrib_set_id, attrib_id) VALUES (43, 108);
INSERT IGNORE INTO attrib_set (attrib_set_id, attrib_id) VALUES (43, 107);
INSERT IGNORE INTO attrib (attrib_id, attrib_type_id, value) VALUES (161, 9, '1kg_hct');
INSERT IGNORE INTO attrib (attrib_id, attrib_type_id, value) VALUES (162, 9, '1kg_hct_ceu');
INSERT IGNORE INTO attrib (attrib_id, attrib_type_id, value) VALUES (163, 9, '1kg_hct_yri');
INSERT IGNORE INTO attrib (attrib_id, attrib_type_id, value) VALUES (164, 9, '1kg_hce');
INSERT IGNORE INTO attrib (attrib_id, attrib_type_id, value) VALUES (165, 9, '1kg_hce_ceu');
INSERT IGNORE INTO attrib (attrib_id, attrib_type_id, value) VALUES (166, 9, '1kg_hce_chb');
INSERT IGNORE INTO attrib (attrib_id, attrib_type_id, value) VALUES (167, 9, '1kg_hce_chd');
INSERT IGNORE INTO attrib (attrib_id, attrib_type_id, value) VALUES (168, 9, '1kg_hce_jpt');
INSERT IGNORE INTO attrib (attrib_id, attrib_type_id, value) VALUES (169, 9, '1kg_hce_lwk');
INSERT IGNORE INTO attrib (attrib_id, attrib_type_id, value) VALUES (170, 9, '1kg_hce_tsi');
INSERT IGNORE INTO attrib (attrib_id, attrib_type_id, value) VALUES (171, 9, '1kg_hce_yri');
INSERT IGNORE INTO attrib (attrib_id, attrib_type_id, value) VALUES (172, 9, '1kg_lc');
INSERT IGNORE INTO attrib (attrib_id, attrib_type_id, value) VALUES (173, 9, '1kg_lc_ceu');
INSERT IGNORE INTO attrib (attrib_id, attrib_type_id, value) VALUES (174, 9, '1kg_lc_chb_jpt');
INSERT IGNORE INTO attrib (attrib_id, attrib_type_id, value) VALUES (175, 9, '1kg_lc_yri');
INSERT IGNORE INTO attrib (attrib_id, attrib_type_id, value) VALUES (176, 9, 'hapmap');
INSERT IGNORE INTO attrib (attrib_id, attrib_type_id, value) VALUES (177, 9, 'ind_venter');
INSERT IGNORE INTO attrib (attrib_id, attrib_type_id, value) VALUES (178, 9, 'ind_watson');
INSERT IGNORE INTO attrib (attrib_id, attrib_type_id, value) VALUES (179, 9, 'fail_all');
INSERT IGNORE INTO attrib (attrib_id, attrib_type_id, value) VALUES (180, 9, 'fail_nonref');
INSERT IGNORE INTO attrib (attrib_id, attrib_type_id, value) VALUES (181, 9, 'fail_ambig');
INSERT IGNORE INTO attrib (attrib_id, attrib_type_id, value) VALUES (182, 9, 'fail_gt_fq');
INSERT IGNORE INTO attrib (attrib_id, attrib_type_id, value) VALUES (183, 9, 'fail_incons_map');
INSERT IGNORE INTO attrib (attrib_id, attrib_type_id, value) VALUES (184, 9, 'fail_mult_map');
INSERT IGNORE INTO attrib (attrib_id, attrib_type_id, value) VALUES (185, 9, 'fail_no_alleles');
INSERT IGNORE INTO attrib (attrib_id, attrib_type_id, value) VALUES (186, 9, 'fail_no_gt');
INSERT IGNORE INTO attrib (attrib_id, attrib_type_id, value) VALUES (187, 9, 'fail_no_map');
INSERT IGNORE INTO attrib (attrib_id, attrib_type_id, value) VALUES (188, 9, 'fail_no_seq');
INSERT IGNORE INTO attrib (attrib_id, attrib_type_id, value) VALUES (189, 9, 'fail_non_nt');
INSERT IGNORE INTO attrib (attrib_id, attrib_type_id, value) VALUES (190, 9, 'fail_mult_alleles');
INSERT IGNORE INTO attrib (attrib_id, attrib_type_id, value) VALUES (191, 9, 'ph_hgmd_pub');
INSERT IGNORE INTO attrib (attrib_id, attrib_type_id, value) VALUES (192, 9, 'ph_johnson_et_al');
INSERT IGNORE INTO attrib (attrib_id, attrib_type_id, value) VALUES (193, 9, 'ph_nhgri');
INSERT IGNORE INTO attrib (attrib_id, attrib_type_id, value) VALUES (194, 9, 'ph_omim');
INSERT IGNORE INTO attrib (attrib_id, attrib_type_id, value) VALUES (195, 9, 'ph_variants');
INSERT IGNORE INTO attrib (attrib_id, attrib_type_id, value) VALUES (196, 9, 'ph_uniprot');
INSERT IGNORE INTO attrib (attrib_id, attrib_type_id, value) VALUES (197, 9, 'ph_cosmic');
INSERT IGNORE INTO attrib (attrib_id, attrib_type_id, value) VALUES (198, 9, 'ph_ega');
INSERT IGNORE INTO attrib (attrib_id, attrib_type_id, value) VALUES (199, 9, 'precious');

